year,CUUR0000SA0,CUUR0000SAM,CUUR0000SEMD01,CUUR0000SEEB01,CUUR0000SEEA,CUUR0000SEEB03,CUUR0000SAH1,CUUR0000SAF11,CUUR0000SETA01,CUUR0000SEHF01,CUUR0000SAA,CUUR0000SERA01,CUUR0000SERE01,CUUR0000SEEE01,CUUR0000SEEE02,CUUR0000SEED03,CUUR0000SERA02,CUUR0000SEHJ
1947,22.325,13.542,,,,,,25.842,,,39.858,,,,,,,
1948,24.042,14.375,,,,,,28,,,42.508,,,,,,,
1949,23.808,14.842,,,,,,26.9,,,40.833,,,,,,,
1950,24.067,15.117,,,,,,27.25,,,40.283,,,,,,,
1951,25.958,15.833,,,,,,30.308,,,43.925,,,,,,,
1952,26.55,16.7,,,,,,30.867,,27.65,43.45,,,,,,,
1953,26.767,17.292,,,,,22,30.283,47.25,27.992,43.175,,,,,,,
1954,26.85,17.825,,,,,22.483,30.125,46.508,28.142,43.017,,,,,,,
1955,26.775,18.242,,,,,22.75,29.508,44.875,28.458,42.883,,,,,,,
1956,27.183,18.908,,,,,23.125,29.683,46.142,28.575,43.75,,,,,,,
1957,28.092,19.683,,,,,23.958,30.642,48.542,28.717,44.5,,,,,,,
1958,28.858,20.625,,,,,24.467,31.975,50.108,29.075,44.675,,,,,,,
1959,29.15,21.492,,,,,24.733,31.208,52.242,29.492,45.025,,,,,,,
1960,29.575,22.25,,,,,25.233,31.492,51.567,29.85,45.7,,,,,,,
1961,29.892,22.925,,,,,25.45,31.758,51.558,29.9,46.058,,,,,,,
1962,30.25,23.533,,,,,25.725,31.983,51.358,29.95,46.317,,,,,,,
1963,30.625,24.092,,,,,26.067,32.383,51.05,29.942,46.883,,,,,,,
1964,31.017,24.583,,,,,26.5,32.775,50.908,29.783,47.283,,,,,,,
1965,31.508,25.183,,,,,26.992,33.517,49.792,29.658,47.733,,,,,,,
1966,32.458,26.3,,,,,27.8,35.242,48.892,29.667,49.017,,,,,,,
1967,33.358,28.15,,,33.683,,28.767,35.117,49.35,29.925,51.017,9760.992,,,,,,
1968,34.783,29.858,,,35.45,,30.133,36.25,50.692,30.192,53.742,9726.917,,,,,,
1969,36.683,31.925,,,37.4,,32.575,38.025,51.517,30.75,56.833,9711.483,,,,,,50.908
1970,38.825,33.95,,,38.783,,35.542,39.925,53.133,31.783,59.175,9722.858,,,,,,52.967
1971,40.492,36.15,,,41.433,,37.025,40.892,55.275,33.883,61.092,9761.792,,,,,,54.575
1972,41.817,37.317,,,44.15,,38.675,42.708,54.792,35.575,62.358,9704.2,,,,,,55.525
1973,44.4,38.758,,,45.567,,40.475,49.667,54.808,37.367,64.642,9560.642,,,,,,57.425
1974,49.308,42.367,,,47.225,,44.408,57.042,57.983,44.125,69.433,9649.05,,,,,,62.367
1975,53.817,47.475,,,50.275,,48.792,61.75,62.983,49.958,72.525,9909.417,,,,,,67.35
1976,56.908,51.992,,,53.65,,51.475,63.058,66.967,53.133,75.242,10035.942,,,,,,69.75
1977,60.608,56.958,,,56.9,,54.95,66.8,70.525,56.65,78.608,9917.533,,,,,,72.383
1978,65.233,61.767,,59.908,61.625,,60.492,73.833,75.9,60.833,81.367,9910.233,75.525,,,,,76.075
1979,72.575,67.483,,64.667,65.692,,68.9,81.817,81.925,65.533,84.933,10046.492,79.817,,,,,81.208
1980,82.408,74.875,,70.833,71.392,,80.992,88.358,88.467,75.833,90.942,10183.558,86.55,,,,,88.033
1981,90.925,82.925,,79.625,80.267,,90.483,94.817,93.867,87.208,95.275,10266.292,93.233,,,,,93.8
1982,96.5,92.55,,90.325,90.942,,96.892,98.083,97.475,95.825,97.775,10134.892,98.567,,,,,97.717
1983,99.6,100.592,,99.725,100.325,,99.133,99.125,99.875,98.917,100.192,9785.308,100.208,,,,,100.142
1984,103.883,106.858,,109.942,108.742,,103.992,102.792,102.633,105.258,102.033,9288.908,101.233,,,,103.85,102.133
1985,107.567,113.517,,119.925,118.2,,109.817,104.267,106.05,108.942,105.025,8628.675,101.433,,,,110.592,104.858
1986,109.608,122.042,,129.633,128.117,,115.825,107.25,110.6,110.4,105.917,8098.817,102.45,,,,115.458,107.2
1987,113.625,130.142,,139.383,138.125,,121.242,111.883,114.383,110.025,110.575,7758.433,104.792,,,,123.133,109.708
1988,118.258,138.642,,150,148.092,,127.083,116.55,116.517,111.533,115.375,7554.808,110.6,,,,132.908,113.242
1989,123.967,149.25,,161.9,158.025,,132.833,124.208,119.158,114.667,118.583,7403.025,115.283,,,,144.025,113.908
1990,130.658,162.8,,174.967,171.292,,139.983,132.317,121.4,117.35,124.083,7264.817,117.458,,,,158.358,115.683
1991,136.192,177.017,,192.783,180.283,103.192,146.275,135.842,125.983,121.775,128.708,7094.842,118.308,,,,175.733,116.608
1992,140.317,190.067,,213.517,190.342,108.317,151.192,136.825,129.208,124.175,131.875,7046.725,120.192,,,,186.158,120.592
1993,144.458,201.408,,233.492,197.575,113.575,155.733,140.058,132.742,126.65,133.658,6877.825,121.883,,,,198.942,123.517
1994,148.225,211.017,,249.792,205.517,119.558,160.525,144.083,137.583,126.708,133.4,6806.125,123.717,,,,197.425,128.167
1995,152.383,220.467,,264.817,214.4,124.533,165.683,148.75,140.95,129.575,131.958,6625.625,123.217,,,,200.667,130.858
1996,156.85,228.225,,279.8,226.925,129.4,171.033,154.3,143.667,131.75,131.7,6278,126.35,,,,212.633,134.092
1997,160.517,234.583,101.692,294.1,238.408,134.342,176.275,158.142,144.25,132.45,132.85,6004.875,126.2,,,,228.7,134.458
1998,163.008,242.133,104.95,306.525,250.75,140.883,182.108,161.133,143.442,127.35,133.025,5764.175,119.85,875.017,95.483,95.125,245.2,135.033
1999,166.575,250.583,109.325,318.692,261.708,148.142,187.258,164.208,142.858,126.45,131.292,5346.633,112.758,598.433,88.408,84.942,254.6,134.883
2000,172.2,260.75,115.883,331.867,279.883,156.25,193.35,167.883,142.75,128.475,129.575,4858.925,105.492,459.483,85.433,75.983,266.8,134.383
2001,177.067,272.758,123.633,348.833,295.908,164.125,200.558,173.367,142.108,137.792,127.267,4358.042,100.267,330.65,79.108,68.133,278.383,132.15
2002,179.875,285.6,134.692,372.633,317.55,172.517,208.092,175.617,140,136.233,124.025,3904.267,93.942,248.042,73.975,67.375,294.983,129.433
2003,183.958,297.075,144.725,403.85,335.4,180.325,213.117,179.392,137.85,139.483,120.875,3393.483,87.45,196.633,67.408,66.825,309.508,127.717
2004,188.883,310.133,153.367,442.117,351.025,187.125,218.842,186.183,137.058,142.083,120.433,2921.833,83.258,170.933,62.433,66.217,322.392,127.3
2005,195.292,323.225,161.567,475.125,365.642,195.35,224.425,189.775,137.908,150.825,119.542,2585.308,77.583,143.483,58.942,64.975,331.883,125.925
2006,201.592,336.183,172.133,506.967,388.892,206,232.133,193.117,137.583,169.167,119.45,2172.575,74.058,121.092,55.383,64.55,344.875,126.975
2007,207.342,351.054,183.551,538.687,420.418,214.877,240.611,201.245,136.254,175.825,118.998,1648.678,70.584,108.409,52.512,64.383,351.475,125.836
2008,215.303,364.065,197.186,572.283,450.187,224.635,246.666,214.125,134.194,187.146,118.907,1361.177,66.866,94.944,50.641,64.24,359.93,124.535
2009,214.537,375.613,210.731,606.674,482.072,232.828,249.354,215.124,135.623,192.712,120.078,1032.222,63.255,82.304,49.943,64.257,367.574,124.787
2010,218.055,388.436,227.227,638.188,505.569,240.432,248.396,215.836,138.005,193.095,119.503,777.21,59.153,76.377,46.429,62.395,372.379,119.738
2011,224.939,400.258,241.213,670.251,529.545,247.064,251.646,226.201,141.883,196.737,122.111,645.949,56.566,68.901,43.057,60.147,378.97,118.556
2012,229.594,414.924,253.563,702.758,562.555,253.141,257.084,231.774,144.232,196.63,126.265,528.379,53.706,62.334,40.98,59.678,395.639,120.225
2013,232.957,425.134,265.448,732.44,594.709,259.406,263.056,233.869,145.783,200.75,127.411,445.861,50.822,56.759,38.558,58.617,406.531,118.732
2014,236.736,435.292,278.754,759.495,615.447,264.874,270.513,239.456,146.275,208.02,127.514,383.078,47.636,52.597,37.001,57.378,416.138,115.539
2015,237.017,446.752,290.132,785.85,648.165,275.381,278.803,242.25,147.135,209.191,125.902,328.797,44.657,47.905,36.779,55.216,422.791,114.659
2016,240.007,463.675,303.26,807,678.783,283.099,288.23,239.065,147.358,206.983,126.045,265.535,40.965,44.428,34.363,54.679,438.283,112.064
2017,245.12,475.322,318.17,823.129,689.453,290.379,297.803,238.589,146.992,211.437,125.612,229.437,37.303,42.564,33.019,48.84,462.161,111.01
2018,251.107,484.707,332.237,841.332,696.102,295.048,307.663,239.661,146.287,212.932,125.654,191.324,33.724,40.849,32.147,47.596,470.453,111.055
2019,255.657,498.413,338.814,865.354,685.365,303.268,318.053,241.774,146.834,213.362,124.052,154.74,31.105,39.371,29.577,46.393,479.409,113.649
2020,258.811,518.876,352.952,877.263,677.716,311.888,325.885,250.233,147.6,214.615,118.079,133.083,29.106,38.3,26.449,47.329,500.129,113.705
2021,270.97,525.276,363.533,884.885,687.075,317.746,334.575,258.892,156.24,223.892,120.993,140.675,29.114,39.422,25.958,48.156,520.577,122.966
2022,292.655,546.554,376.488,904.005,712.527,330.305,354.235,288.451,172.48,253.127,127.081,125.504,29.681,39.022,25.521,47.937,541.343,137.954
2023,304.702,549.084,392.12,921.413,701.241,348.926,380.643,302.929,178.899,267.804,130.579,111.277,29.368,37.029,24.033,47.785,569.603,135.808
2024,313.689,563.841,414.812,937.295,,367.585,400.561,306.536,177.887,279.087,131.483,104.465,27.916,35.747,23.386,47.075,583.029,131.114
2025,321.943,580.102,433.655,955.326,763.202,386.417,415.164,313.266,178.462,292.027,131.311,95.947,27.823,34.759,23.443,46.51,596.484,132.631
2026,,,,,,,,,,,,,,,,,,
